Timers,TxTime,RxTime
18446744073709551615,1759417163746602532,1759417163747782309
18446744073709551615,1759417163763501804,1759417163764723920
18446744073709551615,1759417163780296875,1759417163781509051
18446744073709551615,1759417163797070585,1759417163798291241
18446744073709551615,1759417163814067968,1759417163815292975
18446744073709551615,1759417163830830559,1759417163832047345
18446744073709551615,1759417163847650329,1759417163848888545
18446744073709551615,1759417163864612822,1759417163865837048
18446744073709551615,1759417163881366872,1759417163882593929
18446744073709551615,1759417163898328975,1759417163899580741
18446744073709551615,1759417163915083044,1759417163916319741
18446744073709551615,1759417163932043828,1759417163933275073
18446744073709551615,1759417163949005510,1759417163950220916
18446744073709551615,1759417163965965523,1759417163967201569
18446744073709551615,1759417163982966915,1759417163984193371
18446744073709551615,1759417163999928238,1759417164001164014
18446744073709551615,1759417164016890720,1759417164018120227
18446744073709551615,1759417164033849513,1759417164035077380
18446744073709551615,1759417164050811806,1759417164052041792
18446744073709551615,1759417164067771379,1759417164068987775
18446744073709551615,1759417164084517979,1759417164085741635
18446744073709551615,1759417164101478511,1759417164102717498
18446744073709551615,1759417164118440365,1759417164119666980
18446744073709551615,1759417164135400857,1759417164136628053
18446744073709551615,1759417164152148027,1759417164153358453
18446744073709551615,1759417164168884646,1759417164170104772
18446744073709551615,1759417164185692777,1759417164186984474
18446744073709551615,1759417164202436217,1759417164203648023
18446744073709551615,1759417164219398249,1759417164220625776
18446744073709551615,1759417164236356472,1759417164237605549
18446744073709551615,1759417164253315575,1759417164254555541
18446744073709551615,1759417164270304398,1759417164271513934
18446744073709551615,1759417164287260851,1759417164288496807
18446744073709551615,1759417164304220864,1759417164305459190
18446744073709551615,1759417164320976164,1759417164322205039
18446744073709551615,1759417164337933536,1759417164339169382
18446744073709551615,1759417164354677256,1759417164355886402
18446744073709551615,1759417164371677190,1759417164372902015
18446744073709551615,1759417164388642761,1759417164389869587
18446744073709551615,1759417164405602223,1759417164406824950
18446744073709551615,1759417164422566207,1759417164423799364
18446744073709551615,1759417164439523680,1759417164440758786
18446744073709551615,1759417164456430101,1759417164457658918
18446744073709551615,1759417164473404204,1759417164474632029
18446744073709551615,1759417164490408196,1759417164491645193
18446744073709551615,1759417164507365190,1759417164508597095
18446744073709551615,1759417164524324933,1759417164525557849
18446744073709551615,1759417164541285645,1759417164542519171
18446744073709551615,1759417164558069286,1759417164559295472
18446744073709551615,1759417164575068329,1759417164576294636
18446744073709551615,1759417164592077922,1759417164593315368
18446744073709551615,1759417164609036804,1759417164610283481
18446744073709551615,1759417164625995478,1759417164627226104
18446744073709551615,1759417164642955721,1759417164644174476
18446744073709551615,1759417164659956673,1759417164661195510
18446744073709551615,1759417164676957937,1759417164678191813
18446744073709551615,1759417164693920069,1759417164695160246
18446744073709551615,1759417164710879102,1759417164712106788
18446744073709551615,1759417164727841865,1759417164729079601
18446744073709551615,1759417164744615064,1759417164745814909
18446744073709551615,1759417164761616908,1759417164762854193
18446744073709551615,1759417164778618050,1759417164779854957
18446744073709551615,1759417164795448922,1759417164796677888
18446744073709551615,1759417164812192242,1759417164813399057
18446744073709551615,1759417164828950681,1759417164830161968
18446744073709551615,1759417164845700841,1759417164846919238
18446744073709551615,1759417164862464552,1759417164863684337
18446744073709551615,1759417164879475605,1759417164880709551
18446744073709551615,1759417164896219375,1759417164897432991
18446744073709551615,1759417164912971794,1759417164914211621
18446744073709551615,1759417164929771676,1759417164931007921
18446744073709551615,1759417164946523695,1759417164947749371
18446744073709551615,1759417164963524609,1759417164964759035
18446744073709551615,1759417164980522641,1759417164981765318
18446744073709551615,1759417164997521565,1759417164998751151
18446744073709551615,1759417165014523029,1759417165015757964
18446744073709551615,1759417165031284718,1759417165032518484
18446744073709551615,1759417165048246751,1759417165049469447
18446744073709551615,1759417165065249514,1759417165066483681
18446744073709551615,1759417165082247257,1759417165083479213
18446744073709551615,1759417165099248680,1759417165100474367
18446744073709551615,1759417165116049741,1759417165117290897
18446744073709551615,1759417165132846721,1759417165134130169
18446744073709551615,1759417165149599282,1759417165150824418
18446744073709551615,1759417165166616615,1759417165167862602
18446744073709551615,1759417165183577777,1759417165184811833
18446744073709551615,1759417165200332396,1759417165201565173
18446744073709551615,1759417165217146488,1759417165218384744
18446744073709551615,1759417165234153151,1759417165235376627
18446744073709551615,1759417165251135644,1759417165252364300
18446744073709551615,1759417165268150907,1759417165269400604
18446744073709551615,1759417165285114840,1759417165286354666
18446744073709551615,1759417165301862961,1759417165303079497
18446744073709551615,1759417165318601550,1759417165319822226
18446744073709551615,1759417165335358890,1759417165336610777
18446744073709551615,1759417165352108631,1759417165353332636
18446744073709551615,1759417165369072483,1759417165370306750
18446744073709551615,1759417165386030786,1759417165387257302
18446744073709551615,1759417165402990137,1759417165404215344
18446744073709551615,1759417165419945770,1759417165421183966
18446744073709551615,1759417165436947054,1759417165438229430
18446744073709551615,1759417165453688953,1759417165454905649
18446744073709551615,1759417165470655126,1759417165471886983
18446744073709551615,1759417165487617709,1759417165488845945
18446744073709551615,1759417165504357789,1759417165505577365
18446744073709551615,1759417165521108558,1759417165522343784
18446744073709551615,1759417165537846978,1759417165539065974
18446744073709551615,1759417165554585727,1759417165555794683
18446744073709551615,1759417165571327628,1759417165572552024
18446744073709551615,1759417165588181039,1759417165589412315
18446744073709551615,1759417165605158482,1759417165606377968
18446744073709551615,1759417165622115965,1759417165623328111
18446744073709551615,1759417165639123338,1759417165640362274
18446744073709551615,1759417165656090440,1759417165657329127
18446744073709551615,1759417165673048443,1759417165674287029
18446744073709551615,1759417165690006136,1759417165691240842
18446744073709551615,1759417165706967319,1759417165708186985
18446744073709551615,1759417165723925831,1759417165725152477
18446744073709551615,1759417165740925703,1759417165742168540
18446744073709551615,1759417165757887176,1759417165759110112
18446744073709551615,1759417165774844609,1759417165776074375
18446744073709551615,1759417165791587339,1759417165792799085
18446744073709551615,1759417165808336878,1759417165809552014
18446744073709551615,1759417165825295552,1759417165826531548
18446744073709551615,1759417165842298135,1759417165843559742
18446744073709551615,1759417165859260858,1759417165860486734
18446744073709551615,1759417165876144569,1759417165877372316
18446744073709551615,1759417165893110631,1759417165894337087
18446744073709551615,1759417165909989653,1759417165911190059
18446744073709551615,1759417165926948415,1759417165928187682
18446744073709551615,1759417165943907519,1759417165945171725
18446744073709551615,1759417165960659488,1759417165961907305
18446744073709551615,1759417165977411359,1759417165978650645
18446744073709551615,1759417165994371001,1759417165995621337
18446744073709551615,1759417166011168042,1759417166012401398
18446744073709551615,1759417166028125484,1759417166029374041
18446744073709551615,1759417166044913584,1759417166046142811
18446744073709551615,1759417166061875317,1759417166063123394
18446744073709551615,1759417166078732019,1759417166079979175
18446744073709551615,1759417166095479449,1759417166096714125
18446744073709551615,1759417166112480383,1759417166113723158
18446744073709551615,1759417166129439524,1759417166130687041
18446744073709551615,1759417166146181565,1759417166147402991
18446744073709551615,1759417166163145507,1759417166164397254
18446744073709551615,1759417166179895898,1759417166181126493
18446744073709551615,1759417166196643547,1759417166197874173
18446744073709551615,1759417166213602939,1759417166214853336
18446744073709551615,1759417166230356000,1759417166231615946
18446744073709551615,1759417166247315322,1759417166248569469
18446744073709551615,1759417166264272435,1759417166265521831
18446744073709551615,1759417166281015274,1759417166282237499
18446744073709551615,1759417166298049618,1759417166299280223
18446744073709551615,1759417166315009680,1759417166316260447
18446744073709551615,1759417166331968943,1759417166333221839
18446744073709551615,1759417166348926006,1759417166350174952
18446744073709551615,1759417166365884208,1759417166367127505
18446744073709551615,1759417166382840512,1759417166384082918
18446744073709551615,1759417166399800393,1759417166401049410
18446744073709551615,1759417166416760306,1759417166417999072
18446744073709551615,1759417166433723359,1759417166434947195
18446744073709551615,1759417166450686262,1759417166451921189
18446744073709551615,1759417166467646975,1759417166468889621
18446744073709551615,1759417166484390344,1759417166485629301
18446744073709551615,1759417166501355828,1759417166502597163
18446744073709551615,1759417166518316810,1759417166519568687
18446744073709551615,1759417166535055790,1759417166536291166
18446744073709551615,1759417166552018682,1759417166553252928
18446744073709551615,1759417166568759562,1759417166569993368
18446744073709551615,1759417166585734555,1759417166586976552
18446744073709551615,1759417166602472315,1759417166603713221
18446744073709551615,1759417166619209225,1759417166620443230
18446744073709551615,1759417166635976314,1759417166637241902
18446744073709551615,1759417166652939077,1759417166654194513
18446744073709551615,1759417166669941430,1759417166671219577
18446744073709551615,1759417166686852042,1759417166688155109
18446744073709551615,1759417166703605062,1759417166704847848
18446744073709551615,1759417166720358993,1759417166721616909
18446744073709551615,1759417166737320805,1759417166738575241
18446744073709551615,1759417166754118246,1759417166755365252
18446744073709551615,1759417166770865135,1759417166772102971
18446744073709551615,1759417166787862349,1759417166789111135
18446744073709551615,1759417166804823401,1759417166806061518
18446744073709551615,1759417166821576272,1759417166822814577
18446744073709551615,1759417166838573354,1759417166839821940
18446744073709551615,1759417166855326955,1759417166856567031
18446744073709551615,1759417166872131955,1759417166873377751
18446744073709551615,1759417166888890114,1759417166890114120
18446744073709551615,1759417166905637455,1759417166906828870
18446744073709551615,1759417166922384395,1759417166923576140
18446744073709551615,1759417166939120844,1759417166940297560
18446744073709551615,1759417166955858543,1759417166957040060
18446744073709551615,1759417166972621994,1759417166973858711
18446744073709551615,1759417166989394974,1759417166990618471
18446744073709551615,1759417167006134203,1759417167007358520
18446744073709551615,1759417167022873444,1759417167024109059
18446744073709551615,1759417167039610283,1759417167040819610
18446744073709551615,1759417167056369664,1759417167057627740
18446744073709551615,1759417167073112683,1759417167074337470
18446744073709551615,1759417167090078996,1759417167091324032
18446744073709551615,1759417167107082109,1759417167108341345
